month,seoul,daejeon
2016-09-01,100.0,100.0
2016-10-01,102.28208026877257,98.65399773362103
2016-11-01,98.37094114394891,97.97115161693769
2016-12-01,96.63799925661328,101.17361833183296
2017-01-01,98.31996659522765,100.12910415307674
2017-02-01,99.6969942278365,102.69398029672003
2017-03-01,100.47863757420119,97.50632802002666
2017-04-01,101.5343569210373,104.33023879363353
2017-06-01,109.29163093418622,98.4597822269055
2017-07-01,112.3297997859108,103.14577677908892
2017-08-01,113.3915501673265,103.43488866713034
2017-09-01,114.83410995518955,101.62527303051661
2017-10-01,118.99877569556322,100.2533368458026
2017-11-01,120.84006597926131,105.51602089182603
2017-12-01,126.67792531225427,97.84735812133071
2018-01-01,133.86844419939416,106.66953917089997
2018-02-01,138.41967822211782,106.65876361081841
2018-03-01,135.20138209830876,105.5720362474422
2018-04-01,133.7931204993984,109.13805516205043
2018-05-01,129.00039025574836,105.06685613065454
2018-06-01,129.81907888499657,111.2355478948058
2018-08-01,140.92329921055972,100.82982086406744
2018-09-01,148.4976411576487,107.15230038860174
2018-11-01,140.1618079759981,107.57271647682607
2018-12-01,133.93438390505497,111.60291544039312
2019-01-01,133.70591579600844,115.86077595330974
2019-02-01,128.29506931081102,116.57425527288541
2019-03-01,130.971114779329,117.44892178925367
2019-04-01,135.71220807827143,105.13584093095707
2019-05-01,139.50726548199538,131.7786898552728
2019-06-01,143.7825525382963,133.5992545888899
2019-07-01,150.07775947612012,122.9847825723347
2019-08-01,152.15756007659297,131.93293608448778
2019-09-01,153.01876237494747,138.09326053429785
2019-10-01,159.64109473418353,141.94544086733933
2019-11-01,164.5736482142198,151.27423245120235
2019-12-01,168.01091798787164,156.59791110298744
2020-01-01,169.6556847424214,156.7756152442717
2020-02-01,159.55346397763464,159.17609688306533
2020-03-01,156.53280019587285,141.16873596921243
2020-04-01,154.41058618140636,147.69933263083948
2020-05-01,156.48780424101804,172.72472546760696
2020-06-01,172.1869089214502,184.86005267591398
2020-07-01,179.02280999218996,199.99062566149564
2020-08-01,178.96845074333484,175.67182337879183
2020-10-01,190.0751764848615,200.84948023878084
2020-11-01,183.5022607925585,182.5781269884903
2020-12-01,181.84805837096087,204.3472306460466
2021-03-01,191.36364477101273,215.66648522785692
2021-04-01,183.9861754408562,224.6132600754754
2021-05-01,191.79504266799577,181.31289992516912
2021-06-01,193.80503190712278,227.54352952983092
2021-07-01,198.57959732313952,238.56426424919576
2021-08-01,202.1883129357726,243.37616345236773
2021-09-01,209.85955675973952,226.68598524762905
2021-10-01,222.07023371074834,199.22114811930177
2021-11-01,219.4422091751916,280.51725180682814
2022-02-01,204.89524682616235,187.50744490768315
2022-04-01,207.1312116899878,225.3249034070952
2023-01-01,166.17482566805649,132.19865304439455
2023-02-01,170.98772924349782,201.78257815244115
2023-05-01,188.95274252819766,152.62518898611813
2023-06-01,186.74283168527762,160.86111735307685
2023-07-01,197.25089949722351,154.70899955712343
2023-09-01,205.6931269618304,159.94028802247982
2023-10-01,208.83482335309665,174.30252759615473
2023-12-01,197.1926348916101,193.6819459079733
2024-01-01,193.42890697127942,194.09027046013347
2024-02-01,191.50501360964122,216.64216675046305
2024-03-01,198.86305855291144,189.80066736916052
2024-04-01,200.1690057725047,189.04179280891609
2024-05-01,202.66543836243702,194.0705792635552
2024-06-01,212.49042953938294,195.56160545432977
2024-07-01,211.51189686289166,195.11833184983
2024-08-01,220.422564675897,178.30688800313578
2024-10-01,228.95490563926217,181.74712257499633
2024-11-01,229.338238307425,201.70312944285547
2024-12-01,227.21960816297272,191.35054443273623
2025-01-01,228.4738213954792,143.23544234205343
2025-02-01,235.13478422793816,199.41403092088024
2025-03-01,255.26211052384298,218.00454527479843
2025-04-01,246.07907553908913,180.8489794567817
2025-05-01,266.1235793580932,167.17925810540464
2025-06-01,281.0737546030179,155.95058108458943
2025-07-01,294.40883231659353,196.96773676121205
2025-08-01,282.1719453717263,171.24903916148705
2025-09-01,289.2026368495433,186.7852373510503
2025-10-01,297.2164258882555,211.17800234454543
2025-11-01,294.8859088722986,236.98839807918552
2025-12-01,294.1460751009433,211.57578152441167
2026-01-01,301.4186469011983,218.06310023014274
2026-03-01,286.8922404170973,259.6238168677613
2026-05-01,287.34150416150084,205.9107779477047
2026-06-01,291.13684271296347,221.48972602739727
