lag,corr
-24,0.1047476510227902
-23,-0.1063547234443286
-22,0.1491341750500533
-21,-0.1680575532718245
-20,0.1633269943594001
-19,-0.01004952240352569
-18,0.06877696030814805
-17,-0.14339531176171474
-16,0.06807452534531264
-15,-0.05449236798653614
-14,-0.012540409306079721
-13,0.08235288441894603
-12,0.008161691840065509
-11,-0.08590615927192254
-10,-0.02286406765749591
-9,0.10510289157004926
-8,-0.12236520043290719
-7,0.154253479951033
-6,-0.2207156516769219
-5,0.09055901139078386
-4,-0.030136973737344024
-3,0.010663010164514734
-2,-0.015418333153441939
-1,-0.07332185038748218
0,0.18034744033652322
1,-0.10512304167724121
2,0.06799739971378109
3,-0.140042384667909
4,0.15159701901816908
5,0.015355617064124036
6,-0.04961224785344359
7,-0.057070687291373524
8,0.12535414712447795
9,-0.18504500042863578
10,0.06427836582917032
11,0.012737151906035013
12,0.04134652869610735
13,-0.054482008843034925
14,-0.012971546081495035
15,0.15559098090881665
16,0.019998033008330574
17,-0.13919416188227618
18,0.03670745909696696
19,0.12939914957867163
20,-0.17218239501011487
21,0.09000030046676644
22,-0.08012866856301143
23,0.05564652102880454
24,0.07408959643295095
