month,lag,corr
2020-01-01,8,0.36107011773997433
2020-02-01,8,0.352093207366791
2020-03-01,8,0.35234375330934703
2020-04-01,14,0.28049296071178687
2020-05-01,8,0.2624740331382455
2020-06-01,14,0.24086064938355634
2020-07-01,14,0.2558633217677288
2020-08-01,14,0.26936904411986146
2020-10-01,8,0.2586398496765958
2020-11-01,8,0.24599378260997729
2020-12-01,8,0.32008803166564953
2021-03-01,8,0.27799863009936787
2021-04-01,8,0.26128465831869396
2021-05-01,8,0.2801571059635624
2021-06-01,14,0.2612456978090429
2021-07-01,1,0.14826580718765117
2021-08-01,1,0.15607979470414457
2021-09-01,12,0.174514233652699
2021-10-01,1,0.14181027187010514
2021-11-01,8,0.13244120472152823
2022-02-01,14,0.36364520636931646
2022-04-01,11,0.27944983503266574
2023-01-01,8,0.25062180174631277
2023-02-01,0,0.42044902788503163
2023-05-01,0,0.4107511504515976
2023-06-01,0,0.29965785689969887
2023-07-01,0,0.29805208211695683
2023-09-01,0,0.28672011010291854
2023-10-01,0,0.29835664038482823
2023-12-01,0,0.2949509183316094
2024-01-01,0,0.270528601359564
2024-02-01,0,0.2857694113091684
2024-03-01,0,0.278963379029582
2024-04-01,0,0.26136789771928437
2024-05-01,0,0.2626286969322777
2024-06-01,0,0.2605602656574134
2024-07-01,0,0.2562866876719642
2024-08-01,0,0.257094712131193
2024-10-01,18,0.37793128605610044
2024-11-01,18,0.2691180751532943
2024-12-01,18,0.3195553460243061
2025-01-01,18,0.3356643098522033
2025-02-01,15,0.2694176134930832
2025-03-01,18,0.3373380670367894
2025-04-01,18,0.32760697527590094
2025-05-01,15,0.28193585595387505
2025-06-01,10,0.31004945181628474
2025-07-01,10,0.3110599515315062
2025-08-01,15,0.3120312134459272
2025-09-01,15,0.310643859182141
2025-10-01,15,0.30021747396340603
2025-11-01,15,0.32077922859519026
2025-12-01,15,0.3128077935341175
2026-01-01,15,0.2770213152184077
2026-03-01,15,0.31075955683629486
2026-05-01,4,0.3116678996182551
2026-06-01,4,0.4248873096045456
