apt,year,median_억,trades
도룡에스케이뷰,2018,7.89,3
도룡에스케이뷰,2019,8.7,13
도룡에스케이뷰,2020,11.9,12
도룡에스케이뷰,2021,13.0,2
도룡에스케이뷰,2022,11.5,3
도룡에스케이뷰,2023,10.0,7
도룡에스케이뷰,2024,10.4,6
도룡에스케이뷰,2025,10.65,19
도룡에스케이뷰,2026,11.25,2
도룡포레미소지움,2021,11.65,4
도룡포레미소지움,2022,7.0,1
도룡포레미소지움,2023,8.3,4
도룡포레미소지움,2024,9.0,12
도룡포레미소지움,2025,9.2,5
도룡포레미소지움,2026,10.47,8
스마트시티2단지,2016,5.16,2
스마트시티2단지,2017,5.98,4
스마트시티2단지,2018,5.6,3
스마트시티2단지,2019,7.58,2
스마트시티2단지,2020,10.3,4
스마트시티2단지,2021,12.2,2
스마트시티2단지,2022,11.42,2
스마트시티2단지,2023,10.64,5
스마트시티2단지,2024,12.65,2
스마트시티2단지,2025,12.3,6
스마트시티2단지,2026,12.0,1
스마트시티5단지,2016,5.0,1
스마트시티5단지,2017,5.15,4
스마트시티5단지,2018,5.8,1
스마트시티5단지,2019,7.8,9
스마트시티5단지,2020,11.0,3
스마트시티5단지,2022,10.92,2
스마트시티5단지,2023,11.8,2
스마트시티5단지,2024,12.97,1
스마트시티5단지,2025,12.46,1
스마트시티5단지,2026,13.2,2
크로바,2016,3.78,7
크로바,2017,4.15,6
크로바,2018,4.66,9
크로바,2019,6.1,13
크로바,2020,8.96,8
크로바,2021,9.75,5
크로바,2024,9.98,4
크로바,2025,10.75,5
크로바,2026,11.38,2
